OBJECTID,NAME,LINK,ADDRESS,CITY,ZIP,ZIP4,PHONE,FAX,ACUTE,ICU,CAH,Heli,Weblink,Beds_Total,Beds_Total_ICU,Updated,Beds_Psychiatric,x,y
1,Eastern State Hospital,1,850 Maple Street   P.O. Box A,Medical Lake,99022,0045,(509) 565-4000,(509) 565-4705,No,No,No,No,https://www.dshs.wa.gov/bhsia/division-state-hospitals/eastern-state-hospital-overview,317,0,5/5/2025 12:00:00 AM,91,-13101630.6588,6036133.0019
2,Madigan Army Medical Center,2,9040 Jackson Avenue,Tacoma,98431,5000,(253) 968-1110,(253) 968-0366,Yes,Yes,No,Yes,https://madigan.tricare.mil/,240,60,5/5/2025 12:00:00 AM,0,-13642456.3132,5959829.819
3,PeaceHealth United General Medical Center,3,2000 Hospital Drive,Sedro-Woolley,98284,4327,(360) 856-6021,(360)856-7204,Yes,Yes,Yes,Yes,https://www.peacehealth.org/hospitals/peacehealth-united-general-medical-center,25,3,5/5/2025 12:00:00 AM,0,-13611737.4402,6189786.2733
4,Mid-Valley Hospital ,4,810 Jasmine,Omak,98841, ,(509) 826-1760,(509) 826-7379,Yes,No,Yes,Yes,https://www.mvhealth.org/,25,0,5/5/2025 12:00:00 AM,0,-13307858.3855,6173084.9432
5,Franciscan Health St. Joseph Medical Center,5,1717 South J St,Tacoma,98405,4944,(253) 426-4101,(253) 426-6880,Yes,Yes,No,Yes,https://www.vmfh.org/our-hospitals/st-joseph-medical-center,366,48,5/5/2025 12:00:00 AM,23,-13630868.4769,5982318.8977
6,Mason Health,6,901 Mountain View Drive,Shelton,98584,2057,(360) 426-1611,(360) 427-1921,Yes,Yes,Yes,Yes,https://www.masonhealth.com/,25,10,5/5/2025 12:00:00 AM,0,-13705033.9819,5979023.4735
7,Arbor Health,7,521 Adams St,Morton,98356,0019,(360) 496-5112,(360) 496-3511,Yes,No,Yes,Yes,https://www.myarborhealth.org/,25,0,5/5/2025 12:00:00 AM,0,-13612186.785,5869848.0764
8,Snoqualmie Valley Hospital,8,9801 Frontier Avenue SE,Snoqualmie,98065,2021,(425) 831-2300,(425) 831-1994,Yes,No,Yes,Yes,https://snoqualmievalleyhealth.org/,25,0,5/5/2025 12:00:00 AM,0,-13568256.8944,6026164.42
9,Naval Hospital - Bremerton,9,One Boone Road,Bremerton,98312,1898,(360) 475-4000,(360) 475-4476,Yes,Yes,No,Yes,https://bremerton.tricare.mil/,25,6,5/5/2025 12:00:00 AM,0,-13657962.0432,6039739.4296
10,Jonathan M. Wainwright Memorial VA Medical Center,10,77 Wainwright Drive,Walla Walla,99362,3975,(509) 525-5200,(509) 527-3452,No,No,No,No,https://www.va.gov/walla-walla-health-care/,102,0,5/5/2025 12:00:00 AM,0,-13175608.3202,5788935.3485
11,Lake Chelan Community Hospital & Clinics,11,503 Highland Ave E,Chelan,98816,0908,(509) 682-3300,(509) 682-2452,Yes,No,Yes,Yes,https://lakechelanhealth.org/,25,0,5/5/2025 12:00:00 AM,0,-13359408.9683,6081102.04
12,North Valley Hospital ,12,203 South Western Avenue,Tonasket,98855,0488,(509) 486-2151,(509) 486-3119,Yes,No,Yes,Yes,https://www.nvhospital.org/,25,0,5/5/2025 12:00:00 AM,0,-13295858.7436,6225291.1899
13,Ocean Beach Hospital,13,174 1st Avenue North,Ilwaco,98624,0258,(360) 642-3181,(360) 642-6309,Yes,No,Yes,Yes,https://www.oceanbeachhospital.com/,25,0,5/5/2025 12:00:00 AM,0,-13808362.5003,5830398.0191
14,Willapa Harbor Hospital,14,800 Alder Street,South Bend,98586,0438,(360) 875-5526,(360) 875-5109,Yes,No,Yes,Yes,https://www.willapaharborhospital.com/,25,0,5/5/2025 12:00:00 AM,0,-13782721.2125,5887210.4693
15,Whitman Hospital & Medical Clinics,15,1200 West Fairview,Colfax,99111,9579,(509) 397-3435,(509) 397-2563,Yes,No,Yes,Yes,https://www.whmc.org/,25,0,5/5/2025 12:00:00 AM,0,-13066242.091,5920706.3432
16,Skyline Hospital,16,211 Skyline Dr,White Salmon,98672,0099,(509) 493-1101,(509) 493-4607,Yes,Yes,Yes,Yes,https://myskylinehealth.org/,25,2,5/5/2025 12:00:00 AM,0,-13522037.6212,5735971.3672
17,American Lake VA Medical Center,17,9600 Veterens Drive SW,Tacoma,98493, ,(800) 329-8387,(253) 396-6239,No,No,No,No,https://www.va.gov/puget-sound-health-care/locations/american-lake-va-medical-center/,459,0,5/5/2025 12:00:00 AM,0,-13645375.7617,5963859.3231
18,Providence Holy Family Hospital ,18,5633 N. Lidgerwood,Spokane,99204,,(509) 482-0111,(509) 482-2456,Yes,Yes,No,Yes,https://www.providence.org/locations/wa/holy-family-hospital,197,14,5/5/2025 12:00:00 AM,0,-13069656.8463,6058703.4319
19,Odessa Memorial Healthcare Center,19,502 E. Amende Dr,Odessa,99159,0368,(509) 982-2611,(509) 982-2616,Yes,No,Yes,Yes,https://www.omhc.org/,25,0,5/5/2025 12:00:00 AM,0,-13211675.965,5996301.1133
20,Othello Community Hospital ,20,315 N. 14th Ave,Othello,99344,1297,(509) 488-2636,(509) 331-2617,Yes,No,Yes,Yes,https://www.othellocommunityhospital.org/,25,0,5/5/2025 12:00:00 AM,0,-13264303.0307,5914436.2758
21,PeaceHealth St. John Medical Center ,21,1615 Delaware St,Longview,98632,3002,(360) 414-2000,(360) 636-4952,Yes,Yes,No,Yes,https://www.peacehealth.org/hospitals/peacehealth-st-john-medical-center,346,16,5/5/2025 12:00:00 AM,0,-13685812.9178,5801317.7591
22,Skagit Valley Hospital ,22,300 Hospital Parkway,Mount Vernon,98274,1376,(360) 424-4111,(360) 814-2416,Yes,Yes,No,Yes,https://www.skagitregionalhealth.org/location-details/skagit-valley-hospital,137,16,5/5/2025 12:00:00 AM,0,-13617050.1889,6176657.1602
23,Providence St. Josephs,23,500 East Webster Ave,Chewelah,99109,0197,(509) 935-8211,(509) 935-5205,Yes,No,Yes,Yes,https://www.providence.org/locations/wa/st-josephs-hospital,25,0,5/5/2025 12:00:00 AM,0,-13103506.7564,6153189.5693
24,Confluence Health Hospital Central Campus,24,1201 South Miller Street,Wenatchee,98807,1887,(509) 662-1511,(509) 662-6017,Yes,Yes,No,Yes,https://www.confluencehealth.org/locations/confluence-health-hospital-central-campus/,198,20,5/5/2025 12:00:00 AM,0,-13394075.8483,6008696.6869
25,East Adams Rural Healthcare,25,903 South Adams St,Ritzville,99169,2298,(509) 659-1200,(509) 659-1252,Yes,No,Yes,Yes,https://www.earh.org/,25,0,5/5/2025 12:00:00 AM,0,-13177098.1358,5961882.5634
26,Trios Southridge Hospital,26,3810 Plaza Way,Kennewick,99338,6128,(509) 221-7000,,Yes,Yes,No,Yes,https://www.trioshealth.org/locations/trios-southridge-hospital,124,14,5/5/2025 12:00:00 AM,0,-13268454.0399,5808864.0516
27,Kittitas Valley Healthcare,27,603 Chestnut St S,Ellensburg,98926,3875,(509) 962-9841,(509) 962-7351,Yes,Yes,Yes,Yes,https://www.kvhealthcare.org/,25,20,5/5/2025 12:00:00 AM,0,-13418217.2418,5939967.7346
28,Klickitat Valley Health,28,310 South Roosevelt Ave,Goldendale,98620,9201,(509) 773-4022,(509) 773-1036,Yes,No,Yes,Yes,https://www.kvhealth.net/,25,0,5/5/2025 12:00:00 AM,0,-13448630.8033,5751579.6696
29,Lourdes Medical Center,29,520 N. Fourth Ave,Pasco,99301,5257,(509) 547-7704,(509) 546-2291,Yes,Yes,Yes,Yes,https://www.yourlourdes.com/locations/lourdes-medical-center,25,6,5/5/2025 12:00:00 AM,0,-13257637.7431,5818092.5607
30,Pullman Regional Hospital,30,835 SE Bishop Boulevard,Pullman,99163,5512,(509) 332-2541,(509) 332-4242,Yes,Yes,Yes,Yes,https://www.pullmanregional.org/,25,4,5/5/2025 12:00:00 AM,0,-13043279.1174,5895273.4894
31,Providence St. Mary Medical Center ,31,401 W. Poplar St,Walla Walla,99362,0312,(509) 525-3320,(509) 522-5950,Yes,Yes,No,Yes,https://www.providence.org/locations/wa/st-mary-medical-center,142,14,5/5/2025 12:00:00 AM,0,-13173904.4262,5790326.8589
32,Multicare Deaconess Hospital ,32,800 West Fifth Avenue,Spokane,99204, ,(509) 458-5800,(509) 473-2782,Yes,Yes,No,Yes,https://www.multicare.org/location/deaconess-hospital/,388,18,5/5/2025 12:00:00 AM,0,-13071507.8445,6049147.0159
33,Providence Sacred Heart Medical Center & Childrens Hospital,33,101 West 8th Ave,Spokane,99220,4045,(509) 474-3131,(509) 474-3351,Yes,Yes,No,Yes,https://www.wsha.org/members/providence-sacred-heart-medical-center-childrens-hospital,691,97,5/5/2025 12:00:00 AM,44,-13070359.4716,6048642.6377
34,Shriners Hospitals for Children - Spokane,34,911 West Fifth Avenue,Spokane,99204,7844,(509) 455-7844, ,Yes,No,No,No,https://www.shrinerschildrens.org/en/locations/spokane,69,0,5/5/2025 12:00:00 AM,0,-13071765.9192,6048972.6972
35,PeaceHealth Southwest Medical Center ,35,400 NE Mother Joseph Place,Vancouver,98668,1600,(360) 256-2000,(360) 514-6670,Yes,Yes,No,Yes,https://www.peacehealth.org/hospitals/southwest-medical-center,450,48,5/5/2025 12:00:00 AM,16,-13645624.1062,5720367.9763
36,Swedish First Hill,36,747 Broadway,Seattle,98122,4307,(206) 386-6000,(206) 386-2277,Yes,Yes,No,No,https://www.swedish.org/locations/first-hill-campus,637,41,5/5/2025 12:00:00 AM,0,-13616780.5725,6041995.2016
37,Multicare Valley Hospital ,37,12606 Mission Ave E,Spokane Valley,99216,1090,(509) 924-6650,(509) 473-5824,Yes,Yes,No,Yes,https://www.multicare.org/location/valley-hospital/,123,10,5/5/2025 12:00:00 AM,0,-13050592.9269,6052255.4859
38,Mann-Grandstaff VA Medical Center,38,4815 North Assembly St.,Spokane,99205,6197,(509) 434-7000,(509) 327-0222,No,Yes,No,No,https://www.va.gov/spokane-health-care/,20,4,5/5/2025 12:00:00 AM,0,-13077557.2934,6057498.8951
39,Providence St. Luke’s Rehabilitation Medical Center,39,711 South Cowley St,Spokane,99202,1330,(509) 473-6000,(509) 473-6978,Yes,No,No,No,https://www.providence.org/locations/wa/st-lukes,102,0,5/5/2025 12:00:00 AM,0,-13069919.5495,6048659.5532
40,MultiCare Auburn Medical Center,40,202 North Division St,Auburn,98002,4932,(253) 833-7711,(253) 939-2376,Yes,Yes,No,Yes,https://www.multicare.org/location/auburn-medical-center/,195,17,5/5/2025 12:00:00 AM,58,-13606474.0188,5992643.2014
41,Seattle Childrens,41,4800 Sandpoint Way NE,Seattle,98105,0317,(206) 526-2000,(206) 526-3830,Yes,Yes,No,No,https://www.seattlechildrens.org/,407,53,5/5/2025 12:00:00 AM,41,-13612379.2117,6050900.6822
42,Astria Toppenish Hospital ,42,502 4th Ave W,Toppenish,98948,0672,(509) 865-3105,(509) 865-1519,Yes,Yes,No,Yes,https://www.astria.health/locations/astria-toppenish-hospital,40,3,5/5/2025 12:00:00 AM,15,-13393633.5759,5839977.836
43,UW Medical Center - Montlake,43,1959 NE Pacific St,Seattle,98195,6028,(206) 598-3300,(206) 598-6292,Yes,Yes,No,No,https://www.uwmedicine.org/locations/uw-medical-center,473,86,5/5/2025 12:00:00 AM,27,-13615404.6128,6048965.3805
44,Cascade Valley Hospital and Clinics,44,330 S. Stillaguamish Ave,Arlington,98223,1642,(360) 435-2133,(360) 435-0513,Yes,Yes,No,Yes,https://www.skagitregionalhealth.org/location-details/cascade-valley-hospital,48,6,5/5/2025 12:00:00 AM,0,-13594218.8672,6138342.0617
45,Providence Regional Medical Center Everett,45,1700 13th Street,Everett,98201, ,(425) 261-2000,(425) 261-4051,Yes,Yes,No,Yes,https://www.providence.org/locations/wa/providence-regional-medical-center-everett,530,48,5/5/2025 12:00:00 AM,0,-13603877.3492,6106837.1589
46,EvergreenHealth,46,12040 NE 128th St,Kirkland,98034,9917,(425) 899-1000,(425) 899-2624,Yes,Yes,No,Yes,https://www.evergreenhealth.com/,318,20,5/5/2025 12:00:00 AM,0,-13600837.4037,6059718.7151
47,Ferry County Memorial Hospital,47,36 North Klondike Road,Republic,99166,9701,(509) 775-3333,(509) 775-3866,Yes,No,Yes,Yes,http://www.fcphd.org,25,0,5/5/2025 12:00:00 AM,0,-13217119.0908,6216193.5242
48,Valley Medical Center,48,400 S. 43rd St,Renton,98055,5784,(425) 690-1000,(425) 656-4202,Yes,Yes,No,Yes,https://www.uwmedicine.org/locations/valley-medical-center,321,30,5/5/2025 12:00:00 AM,0,-13604796.3898,6014648.5796
49,Navos,49,2600 SW Holden Street,Seattle,98168, ,(206) 933-7000,(206) 933-7014,No,No,No,No,https://www.navos.org/,28,0,5/5/2025 12:00:00 AM,70,-13621788.6239,6029795.7498
50,Swedish Edmonds,50,21601 76th Ave W,Edmonds,98026,7506,(425) 640-4000,(425) 640-4010,Yes,Yes,No,Yes,https://www.swedish.org/locations/edmonds-campus,186,12,5/5/2025 12:00:00 AM,0,-13618198.3327,6074179.2514
51,Western State Hospital,51,9601 Steilacoom Boulevard Sw,Tacoma,98498,0500,(253) 582-8900,(253) 756-2879,No,No,No,No,https://www.dshs.wa.gov/bha/division-state-hospitals/western-state-hospital,800,0,5/5/2025 12:00:00 AM,806,-13643955.2068,5971229.1593
52,Three Rivers Hospital ,52,507 Hospital Way,Brewster,98812,0577,(509) 689-2517,(509) 689-2086,Yes,No,Yes,Yes,https://threerivershospital.net/,25,0,5/5/2025 12:00:00 AM,0,-13334141.6954,6124545.2971
53,Franciscan Health St. Michael Medical Center Silverdale,53,1800 NW Myhre Rd,Silverdale,98383, ,(564) 240-1000, ,Yes,No,No,No,https://www.vmfh.org/our-hospitals/st-michael-medical-center,68,0,5/5/2025 12:00:00 AM,0,-13656163.7127,6049740.4686
54,Naval Hospital Oak Harbor,54,3475 N. Saratoga St.,Oak Harbor,98278,8800,(360) 257-9500,(360) 257-9719,No,Yes,No,Yes,https://www.med.navy.mil/,25,2,5/5/2025 12:00:00 AM,0,-13656810.142,6163013.2747
55,Coulee Medical Center,55,411 Fortuyn Rd,Grand Coulee,99133,8718,(509) 633-1753,(509) 633-0295,Yes,No,Yes,Yes,https://cmccares.org/,25,0,5/5/2025 12:00:00 AM,0,-13247797.8931,6097248.256
56,Prosser Memorial Hospital,56,723 Memorial St,Prosser,99350,1593,(509) 786-2222,(509) 786-6683,Yes,No,Yes,Yes,https://www.prosserhealth.org/,25,0,5/5/2025 12:00:00 AM,0,-13332072.7393,5813757.5105
57,Providence Centralia Hospital ,57,914 South Scheuber Road,Centralia,98531,9027,(360) 736-2803,(360) 330-8614,Yes,Yes,No,Yes,https://www.providence.org/locations/wa/centralia-hospital,128,6,5/5/2025 12:00:00 AM,0,-13690989.929,5895116.2399
58,Quincy Valley Medical Center,58,908 10th Ave SW,Quincy,98848,1376,(509) 787-3531,(509) 787-2016,Yes,No,Yes,Yes,https://quincyhospital.org/,25,0,5/5/2025 12:00:00 AM,0,-13343663.8957,5979845.7032
59,Confluence Health Hospital Mares Campus,59,820 N. Chelan Avenue,Wenatchee,98801, ,(509) 663-8711,(509) 664-7178,Yes,No,No,No,https://www.confluencehealth.org/locations/confluence-health-hospital-mares-campus/,20,0,5/5/2025 12:00:00 AM,0,-13394304.7349,6013126.4185
60,Newport Hospital & Health Services,60,714 West Pine St.,Newport,99156,9046,(509) 447-2441,(509) 447-2281,Yes,No,Yes,Yes,https://newporthospitalandhealth.org/,25,0,5/5/2025 12:00:00 AM,0,-13029857.0971,6137257.2244
61,Garfield County Public Hospital District,61,66 N 6th Street,Pomeroy,99347,0880,(509) 843-1591,(509) 843-1234,Yes,No,Yes,Yes,https://www.garfieldcountyhospital.com/,25,0,5/5/2025 12:00:00 AM,0,-13091500.3076,5856878.5011
62,Cascade Medical,62,817 Commercial St,Leavenworth,98826,0330,(509) 548-5815,(509) 548-2510,Yes,No,Yes,Yes,https://cascademedical.org/,25,0,5/5/2025 12:00:00 AM,0,-13431897.3449,6039649.2145
63,Columbia Basin Hospital,63,200 Nat Washington Way,Ephrata,98823,1997,(509) 754-4631,(509) 754-6356,Yes,No,Yes,Yes,https://www.columbiabasinhospital.org/,25,0,5/5/2025 12:00:00 AM,0,-13307886.1955,5993574.8991
64,Columbia County Health System,64,1012 S 3rd St,Dayton,99328,1696,(509) 382-2531,(509) 382-3205,Yes,No,Yes,Yes,https://cchd-wa.org/,25,0,5/5/2025 12:00:00 AM,0,-13132388.587,5830506.0733
65,Forks Community Hospital,65,530 Bogachiel Way,Forks,98331,9120,(360) 374-6271,(360) 374-5220,Yes,No,Yes,Yes,https://www.forkshospital.org/,25,0,5/5/2025 12:00:00 AM,0,-13847319.5547,6097910.3146
66,Harbor Regional Health,66,915 Anderson Dr,Aberdeen,98520,1097,(360) 532-8330,(360) 537-5034,Yes,Yes,No,Yes,https://www.ghcares.org/,105,8,5/5/2025 12:00:00 AM,0,-13786605.6763,5938685.4491
67,Island Hospital,67,1211 24th St,Anacortes,98221,2590,(360) 299-1300,(360) 299-1339,Yes,Yes,No,Yes,https://islandhealth.org/,43,10,5/5/2025 12:00:00 AM,0,-13649513.5904,6190767.8442
68,Jefferson Healthcare,68,834 Sheridan St,Port Townsend,98368,2499,(360) 385-2200,(360) 379-2242,Yes,Yes,Yes,Yes,https://jeffersonhealthcare.org/,25,6,5/5/2025 12:00:00 AM,0,-13668839.3665,6124514.8316
69,Kadlec Regional Medical Center,69,888 Swift Blvd,Richland,99352,3542,(509) 946-4611,(509) 942-2679,Yes,Yes,No,Yes,https://www.providence.org/locations/kadlec/regional-medical-center,270,20,5/5/2025 12:00:00 AM,0,-13278406.6009,5825549.8918
70,Lincoln Hospital,70,10 Nicholls St,Davenport,99122,9729,(509) 725-7101,(509) 725-2112,Yes,No,Yes,Yes,https://www.lincolnhospital.org/,25,0,5/5/2025 12:00:00 AM,0,-13151881.294,6050133.7018
71,Providence Mt Carmel,71,982 E Columbia Ave,Colville,99114,3352,(509) 685-5100,(509) 685-2492,Yes,Yes,Yes,Yes,https://www.providence.org/locations/wa/mount-carmel-hospital,25,4,5/5/2025 12:00:00 AM,0,-13123760.7277,6197279.3717
72,Olympic Medical Center,72,939 Caroline St,Port Angeles,98362,3997,(360) 417-7000,(360) 417-7333,Yes,Yes,No,Yes,https://www.olympicmedical.org/,126,10,5/5/2025 12:00:00 AM,0,-13738497.9687,6126100.7565
73,PeaceHealth St. Joseph Medical Center,73,2901 Squalicum Parkway,Bellingham,98225,1898,(360) 734-5400,(360) 788-6393,Yes,Yes,No,Yes,https://www.peacehealth.org/hospitals/peacehealth-st-joseph-medical-center,255,34,5/5/2025 12:00:00 AM,20,-13633652.7517,6236485.0175
74,Samaritan Healthcare,74,801 E. Wheeler Rd,Moses Lake,98837,1899,(509) 765-5606,(509) 764-3236,Yes,Yes,No,Yes,https://www.samaritanhealthcare.com/,50,15,5/5/2025 12:00:00 AM,0,-13276540.0766,5963018.7253
75,Astria Sunnyside Hospital ,75,1016 Tacoma Avenue,Sunnyside,98944,2262,(509) 837-1500,(509) 837-1740,Yes,Yes,Yes,Yes,https://www.astria.health/locations/astria-sunnyside-hospital,37,7,5/5/2025 12:00:00 AM,0,-13359082.705,5832178.2616
76,Tri-State Memorial Hospital,76,1221 Highland Ave,Clarkston,99403,0189,(509) 758-5511,(509) 758-3566,Yes,Yes,Yes,Yes,https://www.tsh.org/,25,4,5/5/2025 12:00:00 AM,0,-13030431.6767,5845144.8093
77,MultiCare Mary Bridge Childrens Hospital and Health Network,77,317 Martin Luther King Jr Way,Tacoma,98405,4234,(253) 403-1400,(253) 403-1247,Yes,Yes,No,Yes,https://www.marybridge.org/,82,20,5/5/2025 12:00:00 AM,0,-13631587.5209,5984569.9592
78,WhidbeyHealth,78,101 North Main Street,Coupeville,98239,3413,(360) 678-7656,(360) 678-0945,Yes,Yes,Yes,Yes,https://whidbeyhealth.org/locations/whidbeyhealth-medical-center/,25,6,5/5/2025 12:00:00 AM,0,-13657156.7879,6142513.1126
79,Virginia Mason Downtown Medical Center,79,1100 Ninth Avenue,Seattle,98101,0900,(206) 624-1144,(206) 223-6976,Yes,Yes,No,No,https://www.vmfh.org/our-hospitals/virginia-mason-medical-center,371,47,5/5/2025 12:00:00 AM,0,-13617487.7614,6042022.2199
80,MultiCare Capital Medical Center,80,3900 Capital Mall Dr SW,Olympia,98502, ,(360) 754-5858,(360) 956-2574,Yes,Yes,No,Yes,https://www.multicare.org/location/capital-medical-center/,107,10,5/5/2025 12:00:00 AM,0,-13686930.2987,5949051.6364
81,Lourdes Counseling Center,81,1175 Carondelet Drive,Richland,99352,3396,(509) 943-9104,(509) 943-7206,No,No,No,No,https://www.yourlourdes.com/mental-health,44,0,5/5/2025 12:00:00 AM,21,-13278334.411,5825837.2542
82,Swedish Ballard,82,5300 Tallman Ave NW,Seattle,98107,3985,(206) 782-2700,(206) 781-6155,Yes,No,No,No,https://www.swedish.org/locations/ballard-campus,75,0,5/5/2025 12:00:00 AM,0,-13623229.155,6051694.9681
83,VA Puget Sound Health Care,83,1660 S. Columbian Way,Seattle,98108,1597,(206) 762-1010,(206) 764-2250,Yes,Yes,No,No,https://www.va.gov/puget-sound-health-care/,459,18,5/5/2025 12:00:00 AM,0,-13615267.1364,6034497.2109
84,Harborview Medical Center,84,325 Ninth Ave,Seattle,98104,2499,(206) 744-3000,(206) 744-8551,Yes,Yes,No,Yes,https://www.uwmedicine.org/locations/harborview-medical-center,413,97,5/5/2025 12:00:00 AM,45,-13617044.1586,6041202.4973
85,UW Medical Center - Northwest,85,1550 North 115th St,Seattle,98133,9733,(877) 364-0500,(206) 368-1949,Yes,Yes,No,Yes,https://www.uwmedicine.org/locations/northwest-hospital,281,15,5/5/2025 12:00:00 AM,27,-13618698.6305,6059297.3533
86,Overlake Medical Center ,86,1035 116th Ave NE,Bellevue,98004,4686,(425) 688-5000,(425) 688-5087,Yes,Yes,No,Yes,https://www.overlakehospital.org/,349,30,5/5/2025 12:00:00 AM,34,-13601814.1196,6043948.7558
87,MultiCare Yakima Memorial,87,2811 Tieton Drive,Yakima,98902,3761,(509) 575-8000,(509) 574-5800,Yes,Yes,No,Yes,https://www.multicare.org/location/yakima-memorial-hospital/,226,27,5/5/2025 12:00:00 AM,18,-13419336.0255,5876013.2318
88,Fairfax Behavioral Health - Kirkland,88,10200 NE 132nd St,Kirkland,98034,2899,(425) 821-2000,(425) 821-9010,No,No,No,No,http://www.fairfaxhospital.com,221,0,5/5/2025 12:00:00 AM,133,-13603717.4892,6060253.3287
89,EvergreenHealth Monroe,89,14701 179th Ave SE,Monroe,98272,0646,(360) 794-7497,(360) 794-1486,Yes,Yes,No,Yes,https://www.evergreenhealth.com/,35,4,5/5/2025 12:00:00 AM,14,-13579842.3753,6084295.5204
90,MultiCare Good Samaritan Hospital,90,401 15th Ave SE,Puyallup,98372,3851,(253) 697-4000,(253) 697-5174,Yes,Yes,No,Yes,https://www.multicare.org/location/good-samaritan-hospital/,286,90,5/5/2025 12:00:00 AM,0,-13613208.2089,5971370.0075
91,Swedish Cherry Hill,91,500 17th Ave,Seattle,98122,5711,(206) 320-2000,(206) 320-3154,Yes,Yes,No,No,https://www.swedish.org/locations/cherry-hill-campus,227,246,5/5/2025 12:00:00 AM,22,-13615553.4818,6041839.9867
92,Franciscan Health St. Elizabeth Hospital,92,1455 Battersby Avenue,Enumclaw,98022,0218,(360) 802-8800,(360) 802-3235,Yes,Yes,Yes,Yes,https://www.vmfh.org/our-hospitals/st-elizabeth-hospital,25,4,5/5/2025 12:00:00 AM,0,-13579624.7659,5976285.1777
93,Kaiser Permanente Central Hospital,93,201 16th Avenue East,Seattle,98112,5298,(206) 326-4436,(206) 448-5105,Yes,No,No,No,https://healthy.kaiserpermanente.org/washington/facilities/Kaiser-Permanente-Central-Hospital-340035,72,0,5/5/2025 12:00:00 AM,0,-13615716.0245,6043864.6149
94,Franciscan Health St. Anne Hospital,94,16251 Sylvester Rd SW,Burien,98166,0657,(206) 244-9970,(206) 248-5385,Yes,Yes,No,Yes,https://www.vmfh.org/our-hospitals/st-anne-hospital,133,10,5/5/2025 12:00:00 AM,0,-13619184.0862,6017061.4647
95,Providence St. Peter Hospital ,95,413 Lilly Rd NE,Olympia,98506,5166,(360) 491-9480,(360) 493-4277,Yes,Yes,No,Yes,https://www.providence.org/locations/wa/st-peter-hospital,390,42,5/5/2025 12:00:00 AM,20,-13675308.5044,5950719.8252
96,Franciscan Health St. Clare Hospital,96,11315 Bridgeport Way SW,Lakewood,98499,3070,(253) 588-1711,(253) 584-3001,Yes,Yes,No,Yes,https://www.vmfh.org/our-hospitals/st-clare-hospital,106,10,5/5/2025 12:00:00 AM,0,-13636864.7139,5967297.8646
97,Franciscan Health St. Francis Hospital,97,34515 9th Avenue South,Federal Way,98003,6799,(253) 944-8100,(253) 944-7988,Yes,Yes,No,Yes,https://www.vmfh.org/our-hospitals/st-francis-hospital,124,14,5/5/2025 12:00:00 AM,0,-13617423.0266,5989981.3481
98,Legacy Salmon Creek Medical Center ,98,2211 NE 139th Street,Vancouver,98686,2742,(360) 487-1000,(360) 487-3459,Yes,Yes,No,Yes,https://www.legacyhealth.org/doctors-and-locations/hospitals/legacy-salmon-creek-medical-center,220,16,5/5/2025 12:00:00 AM,0,-13653139.7953,5735748.8187
99,MultiCare Allenmore Hospital,99,1901 S. Union Ave,Tacoma,98411,0414,(253) 459-6633,(253) 459-6440,Yes,Yes,No,No,https://www.multicare.org/location/allenmore-hospital/,70,6,5/5/2025 12:00:00 AM,0,-13634528.6283,5981606.5105
100,Franciscan Health St. Anthony Hospital,100,11567 Canterwood Blvd NW,Gig Harbor,98332,5812,(253) 530-2000, ,Yes,Yes,No,Yes,https://www.vmfh.org/our-hospitals/st-anthony-hospital,112,16,5/5/2025 12:00:00 AM,0,-13649277.9705,6001531.2405
101,Swedish Issaquah,101,751 NE Blakely Drive,Issaquah,98029, ,(425) 313-4000,(425) 313-7908,Yes,Yes,No,No,https://www.swedish.org/locations/issaquah-campus,144,18,5/5/2025 12:00:00 AM,0,-13583411.2938,6029964.9727
102,MultiCare Tacoma General Hospital ,102,315 Martin Luther King Jr. Way,Tacoma,98405,4291,(253) 403-1000,(253) 403-1180,Yes,Yes,No,Yes,https://www.multicare.org/location/tacoma-general-hospital/,567,43,5/5/2025 12:00:00 AM,0,-13631373.7208,5984502.696
103,Peacehealth Peace Island Medical Center,103,1117 Spring Street,Friday Harbor,98250, ,(360) 378-2141,(360) 788-6393,Yes,No,Yes,No,https://www.peacehealth.org/hospitals/peacehealth-peace-island-medical-center,25,0,5/5/2025 12:00:00 AM,0,-13695402.8049,6195387.6254
104,Summit Pacific Medical Center,104,600 East Main Street,Elma,98541, ,(360) 346-2222,(360) 346-2160,Yes,No,Yes,Yes,https://summitpacificmedicalcenter.org/,25,0,5/5/2025 12:00:00 AM,0,-13736042.4594,5943208.1562
105,Kindred Hospital Seattle - First Hill,105,1334 Terry Ave,Seattle,98101,2747,(206) 682-2661,(206) 682-2470,Yes,No,No,No,https://www.kindredhealthcare.com/locations/transitional-care-hospitals/kindred-hospital-seattle-first-hill,80,6,5/5/2025 12:00:00 AM,0,-13617557.8848,6042528.933
106,MultiCare Covington Medical Center,106,17700 SE 272nd St,Covington,98042, ,(235) 372-6500, ,Yes,No,No,No,https://www.multicare.org/location/covington-medical-center/,58,0,5/5/2025 12:00:00 AM,0,-13592518.7118,6000888.9931
107,Smokey Point Behavioral Hospital,107,3955 156th St NE,Marysville,98271, ,(360) 651-6400, ,No,No,No,No,https://www.smokeypointbehavioralhospital.com/,115,0,5/5/2025 12:00:00 AM,115,-13600958.0208,6129970.7039
108,Fairfax Behavioral Health - Everett,108,916 Pacific Ave,Everett,98201, ,(425) 446-3000, ,No,No,No,No,https://fairfaxhospital.com/,30,0,5/5/2025 12:00:00 AM,30,-13605106.4381,6102780.5413
109,Fairfax Behavioral Health - Monroe,109,14701 179th Ave SE,Monroe,98272, ,(360) 365-5300, ,No,No,No,No,https://fairfaxhospital.com/,34,0,5/5/2025 12:00:00 AM,34,-13579622.7809,6084151.7384
110,Rainier Springs,110,2805 NE 129th St,Vancouver,98686, ,(360) 356-1890, ,No,No,No,No,https://rainiersprings.com/,72,0,5/5/2025 12:00:00 AM,72,-13652465.0283,5734671.434
111,Inland Northwest Behavioral Health,111,104 W 5th Ave,Spokane,99204, ,(509) 992-1888, ,No,No,No,No,https://inlandnorthwestbh.com/,100,0,5/5/2025 12:00:00 AM,100,-13070505.2211,6049064.4283
112,Wellfound Behavioral Health Hospital,112,3402 S 19th St,Tacoma,98405, ,(253) 301-5400, ,No,No,No,No,https://www.wellfound.org/,120,0,5/5/2025 12:00:00 AM,120,-13634486.7129,5981633.0082
113,South Sound Behavioral Hospital,113,605 Woodland Square Loop SE,Lacey,98503, ,(360) 764-8400, ,No,No,No,No,https://www.southsoundbehavioralhospital.com/,108,0,5/5/2025 12:00:00 AM,108,-13673106.5783,5949022.2803
114,Fred Hutch Hospital at UWMC-Montlake,114,1959 NE Pacific St.,Seattle,98195, ,(206) 598-3300, ,No,No,No,No,https://www.fredhutch.org/en.html,20,0,5/5/2025 12:00:00 AM,0,-13615102.7346,6048715.7772
115,Virginia Mason Franciscan Health Rehabilitation Hospital,115,815 South Vassault Street,Tacoma,98407, ,(253) 444-3320, ,No,No,No,No,https://www.vmfh.org/our-hospitals/rehabilitation-hospital,60,0,5/5/2025 12:00:00 AM,60,-13638855.0886,5983463.7974
